url,message,canonical,title,description,og:title,og:site_name,og:description,og:image
"https://afm-telethon.rct01.kleegroup.com/fr","","http://afm-telethon.rct01.kleegroup.com/fr","Page d'accueil | AFM Téléthon","undefined","undefined","undefined","undefined","undefined"
"https://klee:klee@afm-telethon.rct01.kleegroup.com/fr","","http://afm-telethon.rct01.kleegroup.com/fr","Page d'accueil | AFM Téléthon","undefined","undefined","undefined","undefined","undefined"
"https://klee:klee@afm-telethon.rct01.kleegroup.com/fr/loi-du-4-mars-2002-des-avancees-majeures-un-combat-poursuivre","","http://afm-telethon.rct01.kleegroup.com/fr/loi-du-4-mars-2002-des-avancees-majeures-un-combat-poursuivre","Loi du 4 mars 2002 : des avancées majeures, un combat à poursuivre | AFM Téléthon","undefined","AFM Téléthon Loi du 4 mars 2002 : des avancées majeures, un combat à poursuivre","AFM Téléthon","undefined","http://afm-telethon.rct01.kleegroup.com/sites/default/files/media/videos/cutom_thumbnails/4mars%20loi.PNG"
"https://klee:klee@afm-telethon.rct01.kleegroup.com/fr/vlm-fete-son-numero-200","","http://afm-telethon.rct01.kleegroup.com/fr/vlm-fete-son-numero-200","VLM fête son numéro 200 | AFM Téléthon","undefined","AFM Téléthon VLM fête son numéro 200","AFM Téléthon","undefined","http://afm-telethon.rct01.kleegroup.com/sites/default/files/media/images/VLM.jpg"
"https://klee:klee@afm-telethon.rct01.kleegroup.com/fr/vivre-avec-ma-maladie/des-solutions-pour-mon-quotidien/le-repit-prendre-du-temps-pour-soi","","http://afm-telethon.rct01.kleegroup.com/fr/vivre-avec-ma-maladie/des-solutions-pour-mon-quotidien/le-repit-prendre-du-temps-pour-soi","Le répit : prendre du temps pour soi | AFM Téléthon","Se ressourcer pour se préserver Repos, prise de recul, apaisement…, les bienfaits du répit sont indéniables ; s’autoriser à souffler régulièrement permet de mieux faire face à la maladie.","AFM Téléthon Le répit : prendre du temps pour soi","AFM Téléthon","Se ressourcer pour se préserver Repos, prise de recul, apaisement…, les bienfaits du répit sont indéniables ; s’autoriser à souffler régulièrement permet de mieux faire face à la maladie.","undefined"
"https://klee:klee@afm-telethon.rct01.kleegroup.com/fr/lassociation","","http://afm-telethon.rct01.kleegroup.com/fr/lassociation","L'association | AFM Téléthon","L’AFM-Téléthon, c’est le combat de malades et de parents déterminés à vaincre la maladie. Sa stratégie d’intérêt général profite au plus grand nombre.","AFM Téléthon L'association","AFM Téléthon","L’AFM-Téléthon, c’est le combat de malades et de parents déterminés à vaincre la maladie. Sa stratégie d’intérêt général profite au plus grand nombre.","undefined"
"https://klee:klee@afm-telethon.rct01.kleegroup.com/fr/actualites","","http://afm-telethon.rct01.kleegroup.com/fr/actualites","Actualités | AFM Téléthon","Découvrez toutes les actualités de l'AFM Téléthon","AFM Téléthon Actualités","AFM Téléthon","Découvrez toutes les actualités de l'AFM Téléthon","undefined"
"https://klee:klee@afm-telethon.rct01.kleegroup.com/fr/liste-des-maladies","","http://afm-telethon.rct01.kleegroup.com/fr/liste-des-maladies","Liste des maladies | AFM Téléthon","undefined","AFM Téléthon Liste des maladies","AFM Téléthon","undefined","undefined"
"https://klee:klee@afm-telethon.rct01.kleegroup.com/fr/lafm-telethon-en-bref","","http://afm-telethon.rct01.kleegroup.com/fr/lafm-telethon-en-bref","L'AFM-Téléthon en bref | AFM Téléthon","Innover pour guérir : le combat des malades et de leurs familles L’AFM-Téléthon est une association de parents et de malades qui mène un combat sans relâche contre des maladies génétiques, rares et lourdement invalidantes.","AFM Téléthon L'AFM-Téléthon en bref","AFM Téléthon","Innover pour guérir : le combat des malades et de leurs familles L’AFM-Téléthon est une association de parents et de malades qui mène un combat sans relâche contre des maladies génétiques, rares et lourdement invalidantes.","http://afm-telethon.rct01.kleegroup.com/sites/default/files/media/images/bloc-assobref.jpg"
"https://klee:klee@afm-telethon.rct01.kleegroup.com/fr/le-telethon-en-bref","","http://afm-telethon.rct01.kleegroup.com/fr/le-telethon-en-bref","Le Téléthon en bref | AFM Téléthon","Le Téléthon rassemble 5 millions de personnes. Depuis 1987, il donne à l'association l’AFM-Téléthon les moyens de poursuivre son combat contre la maladie.","AFM Téléthon Le Téléthon en bref","AFM Téléthon","Le Téléthon rassemble 5 millions de personnes. Depuis 1987, il donne à l'association l’AFM-Téléthon les moyens de poursuivre son combat contre la maladie.","http://afm-telethon.rct01.kleegroup.com/sites/default/files/media/images/tlt_presentation.jpg"
"https://klee:klee@afm-telethon.rct01.kleegroup.com/fr/myopathie-fsh-stimuler-les-ressources-des-cellules-pour-reduire-dux4-au-silence","","http://afm-telethon.rct01.kleegroup.com/fr/myopathie-fsh-stimuler-les-ressources-des-cellules-pour-reduire-dux4-au-silence","Myopathie FSH : stimuler les ressources des cellules pour réduire DUX4 au silence | AFM Téléthon","undefined","AFM Téléthon Myopathie FSH : stimuler les ressources des cellules pour réduire DUX4 au silence","AFM Téléthon","undefined","http://afm-telethon.rct01.kleegroup.com/sites/default/files/media/images/myopathie.jpeg"
"https://klee:klee@afm-telethon.rct01.kleegroup.com/fr/telethon-2021-un-resultat-dingue-dingue-dingue","","http://afm-telethon.rct01.kleegroup.com/fr/telethon-2021-un-resultat-dingue-dingue-dingue","Téléthon 2021 : Un résultat « dingue, dingue, dingue » | AFM Téléthon","Grâce à la mobilisation des donateurs, des bénévoles, des familles, des partenaires, tous unis durant cette grande fête de la solidarité au profit de la lutte contre les maladies rares, la collecte finale du Téléthon 2021 s’élève à 85 933 166 €. A tous, merci !","AFM Téléthon Téléthon 2021 : Un résultat « dingue, dingue, dingue »","AFM Téléthon","Grâce à la mobilisation des donateurs, des bénévoles, des familles, des partenaires, tous unis durant cette grande fête de la solidarité au profit de la lutte contre les maladies rares, la collecte finale du Téléthon 2021 s’élève à 85 933 166 €. A tous, merci !","http://afm-telethon.rct01.kleegroup.com/sites/default/files/media/images/actu-resultatsok.jpg"
"https://afm-telethon.rct01.kleegroup.com/fr","","http://afm-telethon.rct01.kleegroup.com/fr","Page d'accueil | AFM Téléthon","undefined","undefined","undefined","undefined","undefined"
"https://klee:klee@afm-telethon.rct01.kleegroup.com/fr/faq","","http://afm-telethon.rct01.kleegroup.com/fr/faq","FAQ | AFM Téléthon","undefined","AFM Téléthon FAQ","AFM Téléthon","undefined","undefined"
"https://klee:klee@afm-telethon.rct01.kleegroup.com/fr/comment-nous-soutenir","","http://afm-telethon.rct01.kleegroup.com/fr/comment-nous-soutenir","Comment nous soutenir | AFM Téléthon","Don ponctuel par internet, don mensuel par prélèvement automatique ou transmission d’un patrimoine : Face à l’urgence de la maladie, engagez-vous à nos côtés.","AFM Téléthon Comment nous soutenir","AFM Téléthon","Don ponctuel par internet, don mensuel par prélèvement automatique ou transmission d’un patrimoine : Face à l’urgence de la maladie, engagez-vous à nos côtés.","http://afm-telethon.rct01.kleegroup.com/sites/default/files/media/images/ch_07_2.jpg"
"https://klee:klee@afm-telethon.rct01.kleegroup.com/fr/amyotrophie-spinale-proximale-liee-au-gene-smn1","","http://afm-telethon.rct01.kleegroup.com/fr/amyotrophie-spinale-proximale-liee-au-gene-smn1","Amyotrophie spinale proximale liée au gène SMN1 | AFM Téléthon","L’amyotrophie spinale proximale liée au gène SMN1 (ou SMA) est caractérisée par une dégénérescence des cellules nerveuses qui transmettent l’ordre du mouvement aux muscles, les motoneurones, entrainant une faiblesse musculaire généralisée. Des traitements spécifiques ciblant les anomalies génétiques en cause sont disponibles, d’autres candidats-médicaments sont en cours de développement. Les bénéfices qu’ils apportent dépendent du type de SMA et de l’âge au début du traitement.","AFM Téléthon Amyotrophie spinale proximale liée au gène SMN1","AFM Téléthon","L’amyotrophie spinale proximale liée au gène SMN1 (ou SMA) est caractérisée par une dégénérescence des cellules nerveuses qui transmettent l’ordre du mouvement aux muscles, les motoneurones, entrainant une faiblesse musculaire généralisée. Des traitements spécifiques ciblant les anomalies génétiques en cause sont disponibles, d’autres candidats-médicaments sont en cours de développement. Les bénéfices qu’ils apportent dépendent du type de SMA et de l’âge au début du traitement.","undefined"
