"https://afm-telethon.rct01.kleegroup.com/fr","There are 81 <a> without hreflang attribute"
"https://afm-telethon.rct01.kleegroup.com/fr","This <head> without <meta> tag contain [attribute: name, value: description]"
"https://afm-telethon.rct01.kleegroup.com/fr","This <head> without <meta> tag contain [attribute: name, value: keywords]"
"https://klee:klee@afm-telethon.rct01.kleegroup.com/fr","There are 81 <a> without hreflang attribute"
"https://klee:klee@afm-telethon.rct01.kleegroup.com/fr","This <head> without <meta> tag contain [attribute: name, value: description]"
"https://klee:klee@afm-telethon.rct01.kleegroup.com/fr","This <head> without <meta> tag contain [attribute: name, value: keywords]"
"https://klee:klee@afm-telethon.rct01.kleegroup.com/fr/loi-du-4-mars-2002-des-avancees-majeures-un-combat-poursuivre","There are 68 <a> without hreflang attribute"
"https://klee:klee@afm-telethon.rct01.kleegroup.com/fr/loi-du-4-mars-2002-des-avancees-majeures-un-combat-poursuivre","This <head> without <meta> tag contain [attribute: name, value: description]"
"https://klee:klee@afm-telethon.rct01.kleegroup.com/fr/loi-du-4-mars-2002-des-avancees-majeures-un-combat-poursuivre","This <head> without <meta> tag contain [attribute: name, value: keywords]"
"https://klee:klee@afm-telethon.rct01.kleegroup.com/fr/vlm-fete-son-numero-200","There are 69 <a> without hreflang attribute"
"https://klee:klee@afm-telethon.rct01.kleegroup.com/fr/vlm-fete-son-numero-200","This <head> without <meta> tag contain [attribute: name, value: description]"
"https://klee:klee@afm-telethon.rct01.kleegroup.com/fr/vlm-fete-son-numero-200","This <head> without <meta> tag contain [attribute: name, value: keywords]"
"https://klee:klee@afm-telethon.rct01.kleegroup.com/fr/vivre-avec-ma-maladie/des-solutions-pour-mon-quotidien/le-repit-prendre-du-temps-pour-soi","There are 87 <a> without hreflang attribute"
"https://klee:klee@afm-telethon.rct01.kleegroup.com/fr/vivre-avec-ma-maladie/des-solutions-pour-mon-quotidien/le-repit-prendre-du-temps-pour-soi","This <head> without <meta> tag contain [attribute: name, value: keywords]"
"https://klee:klee@afm-telethon.rct01.kleegroup.com/fr/actualites","There are 66 <a> without hreflang attribute"
"https://klee:klee@afm-telethon.rct01.kleegroup.com/fr/actualites","This <head> without <meta> tag contain [attribute: name, value: keywords]"
"https://klee:klee@afm-telethon.rct01.kleegroup.com/fr/actualites","There are 75 <a> without hreflang attribute"
"https://klee:klee@afm-telethon.rct01.kleegroup.com/fr/actualites","This <head> without <meta> tag contain [attribute: name, value: keywords]"
"https://klee:klee@afm-telethon.rct01.kleegroup.com/fr/liste-des-maladies","There are 70 <a> without hreflang attribute"
"https://klee:klee@afm-telethon.rct01.kleegroup.com/fr/liste-des-maladies","This <head> without <meta> tag contain [attribute: name, value: description]"
"https://klee:klee@afm-telethon.rct01.kleegroup.com/fr/liste-des-maladies","This <head> without <meta> tag contain [attribute: name, value: keywords]"
"https://klee:klee@afm-telethon.rct01.kleegroup.com/fr/lafm-telethon-en-bref","There are 68 <a> without hreflang attribute"
"https://klee:klee@afm-telethon.rct01.kleegroup.com/fr/lafm-telethon-en-bref","This <head> without <meta> tag contain [attribute: name, value: keywords]"
"https://klee:klee@afm-telethon.rct01.kleegroup.com/fr/le-telethon-en-bref","There are 72 <a> without hreflang attribute"
"https://klee:klee@afm-telethon.rct01.kleegroup.com/fr/le-telethon-en-bref","This <head> without <meta> tag contain [attribute: name, value: keywords]"
"https://klee:klee@afm-telethon.rct01.kleegroup.com/fr/myopathie-fsh-stimuler-les-ressources-des-cellules-pour-reduire-dux4-au-silence","There are 68 <a> without hreflang attribute"
"https://klee:klee@afm-telethon.rct01.kleegroup.com/fr/myopathie-fsh-stimuler-les-ressources-des-cellules-pour-reduire-dux4-au-silence","This <head> without <meta> tag contain [attribute: name, value: description]"
"https://klee:klee@afm-telethon.rct01.kleegroup.com/fr/myopathie-fsh-stimuler-les-ressources-des-cellules-pour-reduire-dux4-au-silence","This <head> without <meta> tag contain [attribute: name, value: keywords]"
"https://klee:klee@afm-telethon.rct01.kleegroup.com/fr/telethon-2021-un-resultat-dingue-dingue-dingue","There are 68 <a> without hreflang attribute"
"https://klee:klee@afm-telethon.rct01.kleegroup.com/fr/telethon-2021-un-resultat-dingue-dingue-dingue","This <head> without <meta> tag contain [attribute: name, value: keywords]"
"https://afm-telethon.rct01.kleegroup.com/fr","There are 81 <a> without hreflang attribute"
"https://afm-telethon.rct01.kleegroup.com/fr","This <head> without <meta> tag contain [attribute: name, value: description]"
"https://afm-telethon.rct01.kleegroup.com/fr","This <head> without <meta> tag contain [attribute: name, value: keywords]"
"https://klee:klee@afm-telethon.rct01.kleegroup.com/fr/faq","There are 84 <a> without hreflang attribute"
"https://klee:klee@afm-telethon.rct01.kleegroup.com/fr/faq","This <head> without <meta> tag contain [attribute: name, value: description]"
"https://klee:klee@afm-telethon.rct01.kleegroup.com/fr/faq","This <head> without <meta> tag contain [attribute: name, value: keywords]"
"https://klee:klee@afm-telethon.rct01.kleegroup.com/fr/comment-nous-soutenir","There are 68 <a> without hreflang attribute"
"https://klee:klee@afm-telethon.rct01.kleegroup.com/fr/comment-nous-soutenir","This <head> without <meta> tag contain [attribute: name, value: keywords]"
"https://klee:klee@afm-telethon.rct01.kleegroup.com/fr/amyotrophie-spinale-proximale-liee-au-gene-smn1","There are 65 <a> without hreflang attribute"
"https://klee:klee@afm-telethon.rct01.kleegroup.com/fr/amyotrophie-spinale-proximale-liee-au-gene-smn1","This <head> without <meta> tag contain [attribute: name, value: keywords]"
