Referenced url,Status,Content length,Final URL (if redirected),Orignal page (where url is referenced)
https://holidev.thomas-secher.fr/,200,5183,,
https://holidev.thomas-secher.fr/holidev.html,200,6760,,https://holidev.thomas-secher.fr/
https://holidev.thomas-secher.fr/industrialisation-0,200,4279,,https://holidev.thomas-secher.fr/
https://holidev.thomas-secher.fr/methode-0,200,4064,,https://holidev.thomas-secher.fr/
https://holidev.thomas-secher.fr/conception-1,200,3672,,https://holidev.thomas-secher.fr/
https://holidev.thomas-secher.fr/bonnes-pratiques-0,200,4956,,https://holidev.thomas-secher.fr/
https://holidev.thomas-secher.fr/drupal-8-1,200,3664,,https://holidev.thomas-secher.fr/
https://holidev.thomas-secher.fr/code-0,200,4144,,https://holidev.thomas-secher.fr/
https://holidev.thomas-secher.fr/cache-0,200,3662,,https://holidev.thomas-secher.fr/
https://holidev.thomas-secher.fr/conception/drupal-8-gestion-du-cache-les-lazy-builders.html,200,7944,,https://holidev.thomas-secher.fr/
https://holidev.thomas-secher.fr/la-dette-technique,200,10432,,https://holidev.thomas-secher.fr/
https://holidev.thomas-secher.fr/developpeurs-il-est-temps-de-penser-vous,200,12689,,https://holidev.thomas-secher.fr/
https://holidev.thomas-secher.fr/drupal-9-et-graphql-4,200,18037,,https://holidev.thomas-secher.fr/
https://holidev.thomas-secher.fr/conception/le-syndrome-de-vasa-ou-comment-une-equipe-ne-travaille-pas-ensemble.html,200,12302,,https://holidev.thomas-secher.fr/
https://holidev.thomas-secher.fr/conception/drupal-8-gestion-du-cache-creer-un-contexte-custom.html,200,8116,,https://holidev.thomas-secher.fr/
https://holidev.thomas-secher.fr/conception/drupal-8-gestion-du-cache-introduction.html,200,8075,,https://holidev.thomas-secher.fr/
https://holidev.thomas-secher.fr/reutilisation-0,200,3755,,https://holidev.thomas-secher.fr/
https://holidev.thomas-secher.fr/php-0,200,3653,,https://holidev.thomas-secher.fr/
https://holidev.thomas-secher.fr/abstraction-0,200,3460,,https://holidev.thomas-secher.fr/industrialisation-0
https://holidev.thomas-secher.fr/conception/industrialisation-mise-en-oeuvre-partie-2.html,200,9430,,https://holidev.thomas-secher.fr/
https://holidev.thomas-secher.fr/conception/industrialisation-abstraction-partie-1.html,200,10477,,https://holidev.thomas-secher.fr/industrialisation-0
https://holidev.thomas-secher.fr/drupal-8/drupal-8-recuperer-larborescence-des-termes-comparatif.html,200,8736,,https://holidev.thomas-secher.fr/
https://holidev.thomas-secher.fr/drupal-8/drupal-8-comment-utiliser-une-classe-specifique-par-bundle-dentite.html,200,7575,,https://holidev.thomas-secher.fr/methode-0
https://holidev.thomas-secher.fr/conception/modularite-developpez-reutilisable.html,200,10272,,https://holidev.thomas-secher.fr/bonnes-pratiques-0
https://holidev.thomas-secher.fr/conception/maintenance-developpez-reutilisable.html,200,10036,,https://holidev.thomas-secher.fr/bonnes-pratiques-0
https://holidev.thomas-secher.fr/filter/tips,200,4402,,https://holidev.thomas-secher.fr/conception/drupal-8-gestion-du-cache-les-lazy-builders.html
https://holidev.thomas-secher.fr/?page=1,200,4639,,https://holidev.thomas-secher.fr/
https://holidev.thomas-secher.fr/conception/industrialisation-abstraction-partie-1/annex/industrialisation-abstraction-annexe.html,200,4372,,https://holidev.thomas-secher.fr/conception/industrialisation-abstraction-partie-1.html
https://holidev.thomas-secher.fr/ajax_comments/reply/node/13/field_comment/12,200,4724,,https://holidev.thomas-secher.fr/drupal-8/drupal-8-recuperer-larborescence-des-termes-comparatif.html
https://holidev.thomas-secher.fr/drupal-8/comment-partager-du-contenu-sur-differents-environnements-sur-drupal-8.html,200,8184,,https://holidev.thomas-secher.fr/?page=1
https://holidev.thomas-secher.fr/ajax_comments/reply/node/12/field_comment/9,200,4825,,https://holidev.thomas-secher.fr/conception/maintenance-developpez-reutilisable.html
https://holidev.thomas-secher.fr/ajax_comments/reply/node/12/field_comment/11,200,4764,,https://holidev.thomas-secher.fr/conception/maintenance-developpez-reutilisable.html
https://holidev.thomas-secher.fr/index.php/conception/pourquoi-faut-il-arreter-javascript.html,200,8907,,https://holidev.thomas-secher.fr/?page=1
https://holidev.thomas-secher.fr/techniques/php-comment-muter-les-erreurs-et-notice-hors-du-watchdogs.html,200,8199,,https://holidev.thomas-secher.fr/?page=1
