"==========","Fri Apr 01 2022 18:29:14 GMT+0000 (Coordinated Universal Time)"
"https://afm-telethon.rct01.kleegroup.com/fr","1"
"https://klee:klee@afm-telethon.rct01.kleegroup.com/fr","1"
"https://klee:klee@afm-telethon.rct01.kleegroup.com/fr/loi-du-4-mars-2002-des-avancees-majeures-un-combat-poursuivre","1"
"https://klee:klee@afm-telethon.rct01.kleegroup.com/fr/vlm-fete-son-numero-200","1"
"https://klee:klee@afm-telethon.rct01.kleegroup.com/fr/vivre-avec-ma-maladie/des-solutions-pour-mon-quotidien/le-repit-prendre-du-temps-pour-soi","1"
"https://klee:klee@afm-telethon.rct01.kleegroup.com/fr/lassociation","1"
"https://klee:klee@afm-telethon.rct01.kleegroup.com/fr/actualites","1"
"https://klee:klee@afm-telethon.rct01.kleegroup.com/fr/liste-des-maladies","1"
"https://klee:klee@afm-telethon.rct01.kleegroup.com/fr/lafm-telethon-en-bref","1"
"https://klee:klee@afm-telethon.rct01.kleegroup.com/fr/le-telethon-en-bref","1"
"https://klee:klee@afm-telethon.rct01.kleegroup.com/fr/myopathie-fsh-stimuler-les-ressources-des-cellules-pour-reduire-dux4-au-silence","1"
"https://klee:klee@afm-telethon.rct01.kleegroup.com/fr/telethon-2021-un-resultat-dingue-dingue-dingue","1"
"https://klee:klee@afm-telethon.rct01.kleegroup.com/fr/faq","1"
"https://klee:klee@afm-telethon.rct01.kleegroup.com/fr/comment-nous-soutenir","1"
"https://klee:klee@afm-telethon.rct01.kleegroup.com/fr/amyotrophie-spinale-proximale-liee-au-gene-smn1","1"
